Hotel_Name,Locality,Price,Rating,Score,Review,Link
Novotel Mumbai International Airport,"Western Suburbs, Mumbai","10,399",Fabulous,8.6,"1,817",https://www.booking.com/hotel/in/novotel-mumbai-international-airport.en-gb.html?label=gen173nr-1BCAEoggI46AdIM1gEaGyIAQGYAQm4ARfIAQzYAQHoAQGIAgGoAgO4AsKU5L4GwAIB0gIkNTU4ZjQzOGItZjE5Yy00YzA5LTk4MjQtYTIyNDk2OTI5NzVl2AIF4AIB&sid=09a56be760ee16d1d27e38fa6908bba1&aid=304142&ucfs=1&arphpl=1&checkin=2025-04-02&checkout=2025-04-03&dest_id=-2092174&dest_type=city&group_adults=2&req_adults=2&no_rooms=1&group_children=0&req_children=0&hpos=1&hapos=1&sr_order=popularity&srpvid=17e2298ea3d80121&srepoch=1742277277&all_sr_blocks=936061202_394961741_2_42_0&highlighted_blocks=936061202_394961741_2_42_0&matching_block_id=936061202_394961741_2_42_0&sr_pri_blocks=936061202_394961741_2_42_0__1039900&from_sustainable_property_sr=1&from=searchresults
"Marriott Executive Apartment - Lakeside Chalet, Mumbai","Powai, Mumbai","14,000",Very good,8.3,329,https://www.booking.com/hotel/in/marriott-executive-apartments.en-gb.html?label=gen173nr-1BCAEoggI46AdIM1gEaGyIAQGYAQm4ARfIAQzYAQHoAQGIAgGoAgO4AsKU5L4GwAIB0gIkNTU4ZjQzOGItZjE5Yy00YzA5LTk4MjQtYTIyNDk2OTI5NzVl2AIF4AIB&sid=09a56be760ee16d1d27e38fa6908bba1&aid=304142&ucfs=1&arphpl=1&checkin=2025-04-02&checkout=2025-04-03&dest_id=-2092174&dest_type=city&group_adults=2&req_adults=2&no_rooms=1&group_children=0&req_children=0&hpos=2&hapos=2&sr_order=popularity&srpvid=17e2298ea3d80121&srepoch=1742277277&all_sr_blocks=24994305_368928526_2_42_0&highlighted_blocks=24994305_368928526_2_42_0&matching_block_id=24994305_368928526_2_42_0&sr_pri_blocks=24994305_368928526_2_42_0__1400000&nad_id=06f1a321-91dc-4a3c-9641-c68aee2de84d_3&nad_cpc=0.84&nad_track=eyJhdWN0aW9uRXBvY2giOjE3NDIyNzcyNzcwMTksInJhbmsiOjEsImtvZGRpVHJhY2tpbmdJbmZvIjoiTnpBSVZXTFpOYXBqSWlyMmEyTlQrQkZoVk8wbzNoMjI0c0VjNVRNWDluM1RnYUhwNzJlZG5xR1BQZkwzMjJTallhc2U4WUw4VzA3NGpQOEQraC9TaFRFUjNNVWt6WmVab1lxcnFMK0RsdUw4NnFIdGJsQ2tYUVMydXZoSXhEZ1B6c3haVXd0K3NpQnNVR1ZzbjREblE1NTdsOHB2YS90eE1nc1haUHJ2dzJ5Tm4wQ3dyRkVLeU1Hbmgvb3lJZEJGU3h2eWhvSEl6MmtibVhrcDlRZzJaRW5NVFVkVlRxeGhobWJiTFZteklxUlpNUVF0VnRnS3JEQ1FmSHBLRVJPM291ZVNwSFU1ejcvZGczNTJrZnRXUS92N3luazFneXo5c3pwMVJQYmZRdkFKTGhudFliUzJESG1UdjA0Ky90MnJGaEU3eTZySmV2RkQ1eEUzZ1ovUFNJQnNRTmVVcm11QklvWThSRkw5MjBScHloKzBYVnMyeHlwWlpacWUrdlhPTE95NjVVdkRiOUU1UVgzbk9WTmExQ0t4OWhiMHMvdmRxOWREbnVxQmM4MklqL21JNzk0bUpsVVZ2OERCcTNQcllaUzMrQnY1aytMU2FOblFvcjFtWW1MajBxOGo5SmhRbHMzTk5xN0lsS1o2OU92c3B3LzQ4QUpzWEFtSmlOTXh1eG1YZFRVMzhNVW5hUlpMUlMyL2M1VkFYdUptcS9wbUI5M3hBYkd1bGxzYUIzYUZIZ1ByUXdKZkFHSGpmWmZUZGtzU0ZMOG4wVFBnZ1I1aDl3aGpNRXo5Yk1UUU03ays1TU5UeDl6SW50R2pQaEc2bEZSdEpReFFsdGxRMWV1cmc2M04xT25KRFVvZmZ2UUtUYkZhY3BaQVlEV1NFdElVTG9IdDJUWnRISUo5RHloOGVTeDlMTTJrQ1NaU2JPRnd1T3BpaitwUjVJWFRXclJNTzlZL2YxWlFLY2NvdVVlZ3ZIalVDcC9RWVFnWS9EbkxYVGZlSjlaZ1BQemdtNERvM1JjOHpKbWVOWE1JMTVXUUhOS1NGbm1aLy95b0JWNFFkR2FqMDVENXNWRHZzNXg3NlloQWN4SzRYdXZ2dmd1QmNNeGlMbTlaeDhodEh3QjdOVWtVbmh4T2lUOWlVSVovTnAxcUxsbUdkOHEySXhoRXJtODN5VVZmN0pXdTNlc0I4Ykpqd1hZdTE4QXRjeHE2RzBrZStGUndrR0xWTGwrd3dkT1lpQnltWmVsZGhKMVZWUFJlZ2xHczQySHNiS0d0ZjE5QU92aTFsMkpxZEt6eGgrNForODlPWkE4TkF4V3VOQzYza3lKMDMrSnFpRnQ0VUdURHZONml0OHRrL0t5TWMxNGRERTBuMlk0QWk3S1NjalRNeGtVY3FBalVGWVVxNjJqRGlILzRnSHh4RGNFSzh6c1JiSTBqcjV5R0RyTHJMVTRaNkNuWTBBVkxRY3ZjYmh0MU9hU0Z3a3RuZmltVjhZVTFYcDQwQVlFRC9Cd0dJalcxQk4xY1BTWGdNSGQyWHg5ZG1CSkVZcTdscUJoL3AyY1VMS21Icm11UEdsbFNmUWdCSUlDYzFsRzR4bTM0eGFDa1FuV2dNYmNNZDhYZFJTUXFiRE55eHlyQmcxU0N6WnVVMnp1b1MrOVRoMmhseis2NVIyZzFvQU9oVDYrOGd3MnIvUFZna01vT3U4QTliY3JzL0EyLytGcFRRTlRWRmNqejd0b3d3Sk1QZ0lDclJlWU5kMzdtd3VIV2ZGc2xFWXhpRUsxS1dhQ1hxczhpNHM3b3JLYXZ2MnYwRFJIdm9iNk1FemNKWXh0Z1ovTDF1dFc0aDlobTFFZGM1eGFSdU12Q2NWOVg0OVdiK3VnQXRsYXEzZXprajlGZnJrYk9SSkhranpXdXNXRHhXWElyZFd1ZXBpNE9tQXVRdmNZb3hKdTZaaUF1UHpENW9SMDlUSVlLNEpsZmpWOHFEZTZQRG82OHI3eTJhakkxQStBU1p6QW1FMCtiMmpTNFVlQkpQdERwY3NYelNvOWZvVEFocXZIVVd5dHROekZzdUhpQUhMOFhCai9vOWdtKzVIelpaSmUzL01ia3hFOFZHWVg0WmUyeXFjUnpYWVA4MU01cXFyZU9KM1hOOGl2dmdEc2Z6VjA0NHRBVTUvWnZnVXo0RDMrM3Z0RVNOTEVLMUdVa3JHVVIzb2pCMGhUSXJzRGc5V2ZYMWxpZDZsWUZ1TWRxeGtKekdYKytCaWdzWjltckV5YzJ2MFZzcDJqQmg0Z004Ui83Z202K0dhdlVWQm5FazZRclM4Mk9ETHBOb3N2SDloRWpCMDlDKzVjOTN0RE1JeVY2aWd0ZFMya3F0cFdtZS9QNklSOWhEWWlXZS91MHZWUkpJaVdLS0srRGFWQk5VK1pPY3JYRTVtZC8vd1UzbzNralB4c1N3KytybGpMUElnaDVvL3Nkdk92VWtxMkxmZnRKa1VVdEdwL3dkTEhVRFU2VW83Q3NRciszMHBNVGJUTDM2azVLV3JnMW5LNmFtK0FUbGxXVnBkVmxuS0JwK0lRaGpRcnhHb3N6azk0azNWQ2hQLzRiYXVkZjZYc0dCeFVXQWh3aW9SUHJlZVR4Ry9qam4wcHVOWk1ITXV2bU8wb3dOblYwdVg0akhCQTlrTlN0MVI3b25FS2hlUVpqYlh2UzZub01OV0w4Wlc3cWtzZ2tjWGZPK1BKMDhYOW41T1JJK040TXFqYm5nOTNPb2x3eHJxSzd6ZmhZbHpvWEh4eWRlaXBGZEFKazR3bi9JY1pvb2RmVkVnWmEyMUl6S3hzQUVqS1FuQUVZM0MvR0dQZTUxZ3J1cDJsTGtRb3I5aWxSY05ZV1R1a2xUSHhpbFlGdUFaRmVtUzRkOTRMWkY1aFFUSHptN3c0c2xoU0JnclN0cTBadmtuV3FIaGdOdUpMWVRIRE84bnlxUTJjdmxxaGtUaXJSUDdLMU95UENnVlQ3UGkxbkNEZ3BBVVY1R0F0cGgzYUJveE1kbUhyZzU5VDFjTlJoeDJTY1VLbngyQUxNZ1VyWU1Nd2p6RVZnRFByMWRtYXdSZ1JVeHFHTnp0VENrclFhZFVGc3duZnRNSzIwaUxQby9aUWdXaWxVY0lTUDJJMVlGb3B1VXBuVWpWb3FTVk9KRlhlem1TSlRCN3Y1azZrc2NOcmY2S3hPS1h5eDdlTjlqSFpmWU5JazNqUVIraFV0WnBNNjlOZlhNWHBoWHdsc1dqRHhpdTZQT2wxbUsveHZJdUJpdzFXYUJzVWt1eitiYzBmQnd6UUt1eDRHY1hjTXZmdkFGVmN6VDU4WDhyWDRIWDAyRWE4L0U2bWRNTENpdEY0cDg0WDJwTEx5OXRvZWl2SWFWR1g2SzdBZElPcmtOZFh0am5na3lWSEFvd1ptbFYvVktjZE5KSGhmaHYrYUYyYUsifQ%3D%3D&from=searchresults
Radisson Blu Mumbai International Airport,"Western Suburbs, Mumbai","8,190",Fabulous,8.9,"2,921",https://www.booking.com/hotel/in/radisson-blu-mumbai-international-airport.en-gb.html?label=gen173nr-1BCAEoggI46AdIM1gEaGyIAQGYAQm4ARfIAQzYAQHoAQGIAgGoAgO4AsKU5L4GwAIB0gIkNTU4ZjQzOGItZjE5Yy00YzA5LTk4MjQtYTIyNDk2OTI5NzVl2AIF4AIB&sid=09a56be760ee16d1d27e38fa6908bba1&aid=304142&ucfs=1&arphpl=1&checkin=2025-04-02&checkout=2025-04-03&dest_id=-2092174&dest_type=city&group_adults=2&req_adults=2&no_rooms=1&group_children=0&req_children=0&hpos=3&hapos=3&sr_order=popularity&srpvid=17e2298ea3d80121&srepoch=1742277277&all_sr_blocks=683218601_278509017_2_42_0&highlighted_blocks=683218601_278509017_2_42_0&matching_block_id=683218601_278509017_2_42_0&sr_pri_blocks=683218601_278509017_2_42_0__819000&from=searchresults
The St. Regis Mumbai,"Worli, Mumbai","28,000",Superb,9.1,"1,482",https://www.booking.com/hotel/in/palladium-mumbai.en-gb.html?label=gen173nr-1BCAEoggI46AdIM1gEaGyIAQGYAQm4ARfIAQzYAQHoAQGIAgGoAgO4AsKU5L4GwAIB0gIkNTU4ZjQzOGItZjE5Yy00YzA5LTk4MjQtYTIyNDk2OTI5NzVl2AIF4AIB&sid=09a56be760ee16d1d27e38fa6908bba1&aid=304142&ucfs=1&arphpl=1&checkin=2025-04-02&checkout=2025-04-03&dest_id=-2092174&dest_type=city&group_adults=2&req_adults=2&no_rooms=1&group_children=0&req_children=0&hpos=4&hapos=4&sr_order=popularity&srpvid=17e2298ea3d80121&srepoch=1742277277&all_sr_blocks=46569621_246431445_2_42_0&highlighted_blocks=46569621_246431445_2_42_0&matching_block_id=46569621_246431445_2_42_0&sr_pri_blocks=46569621_246431445_2_42_0__2800000&nad_id=06f1a321-91dc-4a3c-9641-c68aee2de84d_1&nad_cpc=0.9&nad_track=eyJhdWN0aW9uRXBvY2giOjE3NDIyNzcyNzcwMjQsInJhbmsiOjIsImtvZGRpVHJhY2tpbmdJbmZvIjoiTnpBSVZXTFpOYXBqSWlyMmEyTlQrQkZoVk8wbzNoMjI0c0VjNVRNWDluM1RnYUhwNzJlZG5xR1BQZkwzMjJTallhc2U4WUw4VzA3NGpQOEQraC9TaFRFUjNNVWt6WmVab1lxcnFMK0RsdUw4NnFIdGJsQ2tYUVMydXZoSXhEZ1B6c3haVXd0K3NpQnNVR1ZzbjREblE1NTdsOHB2YS90eE1nc1haUHJ2dzJ5Tm4wQ3dyRkVLeU1Hbmgvb3lJZEJGU3h2eWhvSEl6MmtibVhrcDlRZzJaRW5NVFVkVlRxeGhobWJiTFZteklxUlpPZzBtV05vS3JEQ1FmSHBLRVJPM291ZVNwSFU1ejcvZGczNTJrZnRXUS92N3luTTBqU3o0c3pwMVJQYmZRdkFKTGhudFliUzJCM0NZc1V3Ky90ZXFHQkUreTZySmV2RkQ1eEUzZ1ovUFNJQnNRTmVVcm11QklvWThSRkw5MjBScHloKzBYVnMyeHlwWlpacWUrdlhPTE95NjVVdkRiOUU1UVgzbk9WTmExQ0t4OWhiMHMvdmRxOWREbnVxQmM4MklqL21JNzk0bUpsVVZ2OERCcTNQcllaUzMrQnY1aytMU2FOblFvcjFtWW1MajBxOGo5SmhRbHMzTk5xN0lsS1o2OU92c3B3LzQ4QUpzWEFtSmlOTXh1eG1YZFRVMzhNVW5hUlpMUlMyL2M1VkFYdUptcS9wbUI5M3hBYkd1bGxzYUIzYUZIZ1ByUXdKZkFHSGpmWmZUZGtzU0ZMOG4wVFBnZ1I1aDl3aGpNRXo5Yk1MUU03ays1TU5UeDl6SW50R2pQaEc2bEZSdEpReFFsdGxRMWV1cmc2M04xT25KRFVvZmZ2UUtUYkZhY3BaQVlEV1NFdElVTG9IdDJUWnRISUo5RHloOGVTeDlMTTJrQ1NaU2JPRnd1T3BpaitwUjVJWFRXclJNTzlZL2YxWlFLY2NvdVVlZ3ZIalVDcC9RWVFnWS9EbkxYVGZlSjlaZ1BQemdtNERvM1JjOHpKbWVOWE1JMTVXUUhOS1NGbm1aLy95b0JWNFFkR2FqMDVENXNWRHZzNXg3NlloQWN4SzRYdXZ2dmd1QmNNeGlMbTlaeDhodEh3QjdOVWtVbmh4T2lUOWlVSVovTnAxcUxsbUdkOHEySXhoRXJtODN5VVZmN0pXdTNlc0I4Ykpqd1hZdTE4QXRjeHE2RzBrZStGUndrR0xWTGwrd3dkT1lpQnltWmVsZGhKMVZWUFJlZ2xHczQySHNiS0d0ZjE5QU92aTFsMkpxZEt6eGgrNForODlPWkE4TkF4V3VOQzYza3lKMDMrSnFpRnQ0VUdURHZONml0OHRrL0t5TWMxNGRERTBuMlk0QWk3S1NjalRNeGtVY3FBalVGWVVxNjJqRGlILzRnSHh4RGNFSzh6c1JiSTBqcjV5R0RyTHJMVTRaNkNuWTBBVkxRY3ZjYmh0MU9hU0Z3a3RuZmltVjhZVTFYcDQwQVljRC9Cd0dJalcxQk4xY1BTWGdNSGQyWHg5ZG1CSkVZcTdscUJncThXWkdKYS9ZcW12ZlRWbFFmUWhXTE5DY2pGVHJsMjJwd2Z6MEVuZnlOT1lNZGNmZFJTUXFiRE55eHlyQmcxU0N6WnVVMnp1b1MrOVRoMmhseis2NVIyZzFvQU9oVDYrOGd3MnIvUFZna01vT3U4QTliY3JzL0EyLytGcFRRTlRWRmNqejd0b3d3Sk1QZ0lDclJlWU5kMzdtd3VIYWZWb2lGNHhtRmExS1dhQ1hxczhpNHM3b3JLYXZ2MnYwRFJIdm9iNk1FemNKWXh0Z1ovTDF1dFc0aDlobTFFZGM1eGFSdU12Q2NWOVg0OVdiK3VnQXRsYXEzZXprajlGZnJrYk9SSkhranpXdXNXRHhXWElyZFd1ZXBpNE9tQXVRdmNZb3hKdTZaaUF1UHpENW9SMDlUSVlLNEpsZmpWOHFEZUNORDQ2OXI3eTJhakkxQStBU1p6QW1FMCtiMmpTNFVlQkpQdERwY3NYelNvOWZvVEFocXZIVVd5dHROekZzdUhpQUhMOFhCai9vOWdtKzVIelpaSmUzL01ia3hFOFZHWVg0WmUyeXFjUnpYWVA4MU01cXFyZU9KM1hOOGl2dmdEc2Z6VjA0NHRBVTUvWnZnVXo0RDMrM3Z0RVNOTEVLMUdVa3JHVVIzb2pCMGhUSXJzRGc5V2ZYMWxpZDZsWUZ1TWRxeGtKekdYKytCaWdzWjltckV5YzJ2MFZzcDJqQmg0Z004Ui83Z202K0dhdlVWQm5FazZRclM4Mk9ETHBOb3N2SDloRWpCMDlDKzVjOTN0RE1JeVY2aWd0ZFMya3F0cFdtZS9QNklSOWhEWWlXZS91MHZWUkpJaVdLS0srRGFWQk5VK1pPY3JYRTVtZC8vd1UzbzNralB4c1N3KytybGpMUElnaDVvL3Nkdk92VWtxMkxmZnRKa1VVdEdwL3dkTEhVRFU2VW83Q3NRciszMHBNVGJUTDM2azVLV3JnMW5LNmFtK0FUbGxXVnBkVmxuS0JwK0lRaGpRcnhHb3N6azk0azNWQ2hQLzRiYXVkZjZYc0dCeFVXQWh3aW9SUHJlZVR4Ry9qam4wcHVOWk1ITXV2bU8wb3dOblYwdVg0akhCQTlrTlN0MVI3b25FS2hlUVpqYlh2UzZub01OV0w4Wlc3cWtzZ2tjWGZPK1BKMDhYOW41T1JJK040TXFqYm5nOTNPb2x3eHJxSzd6ZmhZbHpvWEh4eWRlaXBGZEFKazR3bi9JY1pvb2RmVkVnWmEyMUl6S3hzQUVqS1FuQUVZM0MvR0dQZTUxZ3J1cDJsTGtRb3I5aWxSY05ZV1R1a2xUSHhpbFlGdUFaRmVtUzRkOTRMWkY1aFFUSHptN3c0c2xoU0JnclN0cTBadmtuV3FIaGdOdUpMWVRIRE84bnlxUTJjdmxxaGtUaXJSUDdLMU95UENnVlQ3UGkxbkNEZ3BBVVY1R0F0cGgzYUJveE1kbUhyZzU5VDFjTlJoeDJTY1VLbngyQUxNZ1VyWU1Nd2p6RVZnRFByMWRtYXdSZ1JVeHFHTnp0VENrclFhZFVGc3duZnRNSzIwaUxQby9aUWdXaWxVY0lTUDJJMVlGb3B1VXBuVWpWb3FTVk9KRlhlem1TSlRCN3Y1azZrc2NOcmY2S3hPS1h5eDdlTjlqSFpmWU5JazNqUVIraFV0WnBNNjlOZlhNWHBoWHdsc1dqRHhpdTZQT2wxbUsveHZJdUJrd1ZtVkM4QWt1eitiYzBmQnd6UUt1eDRHY1hjTXZmdkFGVmN6VDU4WDhyWDRIWDAyRWE4L0U2bWRNTENpdEY0cDg0WDJwTEx5OXRvZWl2SWFWR1g2SzdBZElPcmtOZFh0am5na3lWSEFvd1pFWGNtc0tzeExyU2hzVERDZmVzbXIifQ%3D%3D&from=searchresults
The Lalit Mumbai,"Western Suburbs, Mumbai","12,348",Good,7.8,"1,103",https://www.booking.com/hotel/in/the-lalit-mumbai.en-gb.html?label=gen173nr-1BCAEoggI46AdIM1gEaGyIAQGYAQm4ARfIAQzYAQHoAQGIAgGoAgO4AsKU5L4GwAIB0gIkNTU4ZjQzOGItZjE5Yy00YzA5LTk4MjQtYTIyNDk2OTI5NzVl2AIF4AIB&sid=09a56be760ee16d1d27e38fa6908bba1&aid=304142&ucfs=1&arphpl=1&checkin=2025-04-02&checkout=2025-04-03&dest_id=-2092174&dest_type=city&group_adults=2&req_adults=2&no_rooms=1&group_children=0&req_children=0&hpos=5&hapos=5&sr_order=popularity&srpvid=17e2298ea3d80121&srepoch=1742277277&all_sr_blocks=17193123_384407738_2_42_0&highlighted_blocks=17193123_384407738_2_42_0&matching_block_id=17193123_384407738_2_42_0&sr_pri_blocks=17193123_384407738_2_42_0__1234800&from=searchresults
Trident Bandra Kurla,"Bandra, Mumbai","14,750",Fabulous,8.8,"3,511",https://www.booking.com/hotel/in/the-trident-bandra-kurla.en-gb.html?label=gen173nr-1BCAEoggI46AdIM1gEaGyIAQGYAQm4ARfIAQzYAQHoAQGIAgGoAgO4AsKU5L4GwAIB0gIkNTU4ZjQzOGItZjE5Yy00YzA5LTk4MjQtYTIyNDk2OTI5NzVl2AIF4AIB&sid=09a56be760ee16d1d27e38fa6908bba1&aid=304142&ucfs=1&arphpl=1&checkin=2025-04-02&checkout=2025-04-03&dest_id=-2092174&dest_type=city&group_adults=2&req_adults=2&no_rooms=1&group_children=0&req_children=0&hpos=6&hapos=6&sr_order=popularity&srpvid=17e2298ea3d80121&srepoch=1742277277&all_sr_blocks=39920822_409221654_2_42_0&highlighted_blocks=39920822_409221654_2_42_0&matching_block_id=39920822_409221654_2_42_0&sr_pri_blocks=39920822_409221654_2_42_0__1475000&from=searchresults
FabHotel Homey Inn- Nr Mumbai International Airport,"Western Suburbs, Mumbai","2,171",N/A,N/A,N/A,https://www.booking.com/hotel/in/fabhotel-homey-inn-nr-mumbai-international-airport.en-gb.html?label=gen173nr-1BCAEoggI46AdIM1gEaGyIAQGYAQm4ARfIAQzYAQHoAQGIAgGoAgO4AsKU5L4GwAIB0gIkNTU4ZjQzOGItZjE5Yy00YzA5LTk4MjQtYTIyNDk2OTI5NzVl2AIF4AIB&sid=09a56be760ee16d1d27e38fa6908bba1&aid=304142&ucfs=1&arphpl=1&checkin=2025-04-02&checkout=2025-04-03&dest_id=-2092174&dest_type=city&group_adults=2&req_adults=2&no_rooms=1&group_children=0&req_children=0&hpos=7&hapos=7&sr_order=popularity&srpvid=17e2298ea3d80121&srepoch=1742277277&all_sr_blocks=1375560901_409772490_0_0_0&highlighted_blocks=1375560901_409772490_0_0_0&matching_block_id=1375560901_409772490_0_0_0&sr_pri_blocks=1375560901_409772490_0_0_0__217060&from=searchresults
Fairfield by Marriott Mumbai International Airport,"Western Suburbs, Mumbai","8,834",Very good,8.2,"1,871",https://www.booking.com/hotel/in/fairfield-by-marriott-mumbai-international-airport.en-gb.html?label=gen173nr-1BCAEoggI46AdIM1gEaGyIAQGYAQm4ARfIAQzYAQHoAQGIAgGoAgO4AsKU5L4GwAIB0gIkNTU4ZjQzOGItZjE5Yy00YzA5LTk4MjQtYTIyNDk2OTI5NzVl2AIF4AIB&sid=09a56be760ee16d1d27e38fa6908bba1&aid=304142&ucfs=1&arphpl=1&checkin=2025-04-02&checkout=2025-04-03&dest_id=-2092174&dest_type=city&group_adults=2&req_adults=2&no_rooms=1&group_children=0&req_children=0&hpos=8&hapos=8&sr_order=popularity&srpvid=17e2298ea3d80121&srepoch=1742277277&all_sr_blocks=885593505_358033732_2_41_0&highlighted_blocks=885593505_358033732_2_41_0&matching_block_id=885593505_358033732_2_41_0&sr_pri_blocks=885593505_358033732_2_41_0__883400&from=searchresults
Hotel Sai Samrudhi Western Express Highway,"Western Suburbs, Mumbai","2,005",Good,7.8,22,https://www.booking.com/hotel/in/sai-samrudhi-western-express-highway.en-gb.html?label=gen173nr-1BCAEoggI46AdIM1gEaGyIAQGYAQm4ARfIAQzYAQHoAQGIAgGoAgO4AsKU5L4GwAIB0gIkNTU4ZjQzOGItZjE5Yy00YzA5LTk4MjQtYTIyNDk2OTI5NzVl2AIF4AIB&sid=09a56be760ee16d1d27e38fa6908bba1&aid=304142&ucfs=1&arphpl=1&checkin=2025-04-02&checkout=2025-04-03&dest_id=-2092174&dest_type=city&group_adults=2&req_adults=2&no_rooms=1&group_children=0&req_children=0&hpos=9&hapos=9&sr_order=popularity&srpvid=17e2298ea3d80121&srepoch=1742277277&all_sr_blocks=1335365501_406004238_2_0_0&highlighted_blocks=1335365501_406004238_2_0_0&matching_block_id=1335365501_406004238_2_0_0&sr_pri_blocks=1335365501_406004238_2_0_0__200475&from=searchresults
"Aurika, Mumbai International Airport","Western Suburbs, Mumbai","12,097",Very good,8.5,761,https://www.booking.com/hotel/in/aurika-mumbai-skycity.en-gb.html?label=gen173nr-1BCAEoggI46AdIM1gEaGyIAQGYAQm4ARfIAQzYAQHoAQGIAgGoAgO4AsKU5L4GwAIB0gIkNTU4ZjQzOGItZjE5Yy00YzA5LTk4MjQtYTIyNDk2OTI5NzVl2AIF4AIB&sid=09a56be760ee16d1d27e38fa6908bba1&aid=304142&ucfs=1&arphpl=1&checkin=2025-04-02&checkout=2025-04-03&dest_id=-2092174&dest_type=city&group_adults=2&req_adults=2&no_rooms=1&group_children=0&req_children=0&hpos=10&hapos=10&sr_order=popularity&srpvid=17e2298ea3d80121&srepoch=1742277277&all_sr_blocks=1067986101_408968908_2_0_0&highlighted_blocks=1067986101_408968908_2_0_0&matching_block_id=1067986101_408968908_2_0_0&sr_pri_blocks=1067986101_408968908_2_0_0__1209675&from=searchresults
Hotel Jamila palace,"South Mumbai, Mumbai",350,N/A,N/A,N/A,https://www.booking.com/hotel/in/jamila-palace.en-gb.html?label=gen173nr-1BCAEoggI46AdIM1gEaGyIAQGYAQm4ARfIAQzYAQHoAQGIAgGoAgO4AsKU5L4GwAIB0gIkNTU4ZjQzOGItZjE5Yy00YzA5LTk4MjQtYTIyNDk2OTI5NzVl2AIF4AIB&sid=09a56be760ee16d1d27e38fa6908bba1&aid=304142&ucfs=1&arphpl=1&checkin=2025-04-02&checkout=2025-04-03&dest_id=-2092174&dest_type=city&group_adults=2&req_adults=2&no_rooms=1&group_children=0&req_children=0&hpos=11&hapos=11&sr_order=popularity&srpvid=17e2298ea3d80121&srepoch=1742277277&all_sr_blocks=1378031001_409923546_32_0_0&highlighted_blocks=1378031001_409923546_32_0_0&matching_block_id=1378031001_409923546_32_0_0&sr_pri_blocks=1378031001_409923546_32_0_0__35000&from=searchresults
Ginger Mumbai Airport,"Western Suburbs, Mumbai","6,499",Good,7.3,"1,086",https://www.booking.com/hotel/in/ginger-mumbai-airport.en-gb.html?label=gen173nr-1BCAEoggI46AdIM1gEaGyIAQGYAQm4ARfIAQzYAQHoAQGIAgGoAgO4AsKU5L4GwAIB0gIkNTU4ZjQzOGItZjE5Yy00YzA5LTk4MjQtYTIyNDk2OTI5NzVl2AIF4AIB&sid=09a56be760ee16d1d27e38fa6908bba1&aid=304142&ucfs=1&arphpl=1&checkin=2025-04-02&checkout=2025-04-03&dest_id=-2092174&dest_type=city&group_adults=2&req_adults=2&no_rooms=1&group_children=0&req_children=0&hpos=12&hapos=12&sr_order=popularity&srpvid=17e2298ea3d80121&srepoch=1742277277&all_sr_blocks=1050137901_379553651_0_42_0&highlighted_blocks=1050137901_379553651_0_42_0&matching_block_id=1050137901_379553651_0_42_0&sr_pri_blocks=1050137901_379553651_0_42_0__649900&from=searchresults
Raheja Exotica The Ocean City,"Western Suburbs, Mumbai","2,284",N/A,N/A,N/A,https://www.booking.com/hotel/in/raheja-exotica-the-ocean-city.en-gb.html?label=gen173nr-1BCAEoggI46AdIM1gEaGyIAQGYAQm4ARfIAQzYAQHoAQGIAgGoAgO4AsKU5L4GwAIB0gIkNTU4ZjQzOGItZjE5Yy00YzA5LTk4MjQtYTIyNDk2OTI5NzVl2AIF4AIB&sid=09a56be760ee16d1d27e38fa6908bba1&aid=304142&ucfs=1&arphpl=1&checkin=2025-04-02&checkout=2025-04-03&dest_id=-2092174&dest_type=city&group_adults=2&req_adults=2&no_rooms=1&group_children=0&req_children=0&hpos=13&hapos=13&sr_order=popularity&srpvid=17e2298ea3d80121&srepoch=1742277277&all_sr_blocks=1375663501_409709209_2_0_0&highlighted_blocks=1375663501_409709209_2_0_0&matching_block_id=1375663501_409709209_2_0_0&sr_pri_blocks=1375663501_409709209_2_0_0__228375&from=searchresults
ibis Mumbai Airport - An Accor Brand,"Western Suburbs, Mumbai","6,250",Review score,6.4,"1,269",https://www.booking.com/hotel/in/ibis-mumbai.en-gb.html?label=gen173nr-1BCAEoggI46AdIM1gEaGyIAQGYAQm4ARfIAQzYAQHoAQGIAgGoAgO4AsKU5L4GwAIB0gIkNTU4ZjQzOGItZjE5Yy00YzA5LTk4MjQtYTIyNDk2OTI5NzVl2AIF4AIB&sid=09a56be760ee16d1d27e38fa6908bba1&aid=304142&ucfs=1&arphpl=1&checkin=2025-04-02&checkout=2025-04-03&dest_id=-2092174&dest_type=city&group_adults=2&req_adults=2&no_rooms=1&group_children=0&req_children=0&hpos=14&hapos=14&sr_order=popularity&srpvid=17e2298ea3d80121&srepoch=1742277277&all_sr_blocks=27389701_95454359_2_42_0&highlighted_blocks=27389701_95454359_2_42_0&matching_block_id=27389701_95454359_2_42_0&sr_pri_blocks=27389701_95454359_2_42_0__625000&from=searchresults
"The Gordon House Hotel, Colaba","Colaba, Mumbai","8,473",Good,7.9,674,https://www.booking.com/hotel/in/the-gordon-house-mumbai.en-gb.html?label=gen173nr-1BCAEoggI46AdIM1gEaGyIAQGYAQm4ARfIAQzYAQHoAQGIAgGoAgO4AsKU5L4GwAIB0gIkNTU4ZjQzOGItZjE5Yy00YzA5LTk4MjQtYTIyNDk2OTI5NzVl2AIF4AIB&sid=09a56be760ee16d1d27e38fa6908bba1&aid=304142&ucfs=1&arphpl=1&checkin=2025-04-02&checkout=2025-04-03&dest_id=-2092174&dest_type=city&group_adults=2&req_adults=2&no_rooms=1&group_children=0&req_children=0&hpos=15&hapos=15&sr_order=popularity&srpvid=17e2298ea3d80121&srepoch=1742277277&all_sr_blocks=122362801_404754908_2_1_0_666882&highlighted_blocks=122362801_404754908_2_1_0_666882&matching_block_id=122362801_404754908_2_1_0_666882&sr_pri_blocks=122362801_404754908_2_1_0_666882_847275&from=searchresults
Hilton Mumbai International Airport Hotel,"Western Suburbs, Mumbai","11,050",Fabulous,8.7,"1,687",https://www.booking.com/hotel/in/hilton-mumbai-international-airport.en-gb.html?label=gen173nr-1BCAEoggI46AdIM1gEaGyIAQGYAQm4ARfIAQzYAQHoAQGIAgGoAgO4AsKU5L4GwAIB0gIkNTU4ZjQzOGItZjE5Yy00YzA5LTk4MjQtYTIyNDk2OTI5NzVl2AIF4AIB&sid=09a56be760ee16d1d27e38fa6908bba1&aid=304142&ucfs=1&arphpl=1&checkin=2025-04-02&checkout=2025-04-03&dest_id=-2092174&dest_type=city&group_adults=2&req_adults=2&no_rooms=1&group_children=0&req_children=0&hpos=16&hapos=16&sr_order=popularity&srpvid=17e2298ea3d80121&srepoch=1742277277&all_sr_blocks=28362401_94393093_2_42_0&highlighted_blocks=28362401_94393093_2_42_0&matching_block_id=28362401_94393093_2_42_0&sr_pri_blocks=28362401_94393093_2_42_0__1105000&from_sustainable_property_sr=1&from=searchresults
Trident Nariman Point,"South Mumbai, Mumbai","18,500",Fabulous,8.8,"4,602",https://www.booking.com/hotel/in/trident-nariman-point.en-gb.html?label=gen173nr-1BCAEoggI46AdIM1gEaGyIAQGYAQm4ARfIAQzYAQHoAQGIAgGoAgO4AsKU5L4GwAIB0gIkNTU4ZjQzOGItZjE5Yy00YzA5LTk4MjQtYTIyNDk2OTI5NzVl2AIF4AIB&sid=09a56be760ee16d1d27e38fa6908bba1&aid=304142&ucfs=1&arphpl=1&checkin=2025-04-02&checkout=2025-04-03&dest_id=-2092174&dest_type=city&group_adults=2&req_adults=2&no_rooms=1&group_children=0&req_children=0&hpos=17&hapos=17&sr_order=popularity&srpvid=17e2298ea3d80121&srepoch=1742277277&all_sr_blocks=7879403_364831139_2_2_0&highlighted_blocks=7879403_364831139_2_2_0&matching_block_id=7879403_364831139_2_2_0&sr_pri_blocks=7879403_364831139_2_2_0__1850000&from=searchresults
Treebo Premium Widlor Boutique,"Western Suburbs, Mumbai","4,317",Good,7.2,159,https://www.booking.com/hotel/in/treebo-tryst-widlor-boutique.en-gb.html?label=gen173nr-1BCAEoggI46AdIM1gEaGyIAQGYAQm4ARfIAQzYAQHoAQGIAgGoAgO4AsKU5L4GwAIB0gIkNTU4ZjQzOGItZjE5Yy00YzA5LTk4MjQtYTIyNDk2OTI5NzVl2AIF4AIB&sid=09a56be760ee16d1d27e38fa6908bba1&aid=304142&ucfs=1&arphpl=1&checkin=2025-04-02&checkout=2025-04-03&dest_id=-2092174&dest_type=city&group_adults=2&req_adults=2&no_rooms=1&group_children=0&req_children=0&hpos=18&hapos=18&sr_order=popularity&srpvid=17e2298ea3d80121&srepoch=1742277277&all_sr_blocks=909360802_400593079_2_1_0_34964&highlighted_blocks=909360802_400593079_2_1_0_34964&matching_block_id=909360802_400593079_2_1_0_34964&sr_pri_blocks=909360802_400593079_2_1_0_34964_431697&from=searchresults
The Falcon Inn,"South Mumbai, Mumbai","4,040",Exceptional,10,4,https://www.booking.com/hotel/in/the-falcon-inn.en-gb.html?label=gen173nr-1BCAEoggI46AdIM1gEaGyIAQGYAQm4ARfIAQzYAQHoAQGIAgGoAgO4AsKU5L4GwAIB0gIkNTU4ZjQzOGItZjE5Yy00YzA5LTk4MjQtYTIyNDk2OTI5NzVl2AIF4AIB&sid=09a56be760ee16d1d27e38fa6908bba1&aid=304142&ucfs=1&arphpl=1&checkin=2025-04-02&checkout=2025-04-03&dest_id=-2092174&dest_type=city&group_adults=2&req_adults=2&no_rooms=1&group_children=0&req_children=0&hpos=19&hapos=19&sr_order=popularity&srpvid=17e2298ea3d80121&srepoch=1742277277&all_sr_blocks=1367258005_409334260_2_41_0&highlighted_blocks=1367258005_409334260_2_41_0&matching_block_id=1367258005_409334260_2_41_0&sr_pri_blocks=1367258005_409334260_2_41_0__404000&from=searchresults
Vibes Inn Juhu,"Juhu, Mumbai","3,500",Review score,5.8,58,https://www.booking.com/hotel/in/vibes-inn-mumbai1.en-gb.html?label=gen173nr-1BCAEoggI46AdIM1gEaGyIAQGYAQm4ARfIAQzYAQHoAQGIAgGoAgO4AsKU5L4GwAIB0gIkNTU4ZjQzOGItZjE5Yy00YzA5LTk4MjQtYTIyNDk2OTI5NzVl2AIF4AIB&sid=09a56be760ee16d1d27e38fa6908bba1&aid=304142&ucfs=1&arphpl=1&checkin=2025-04-02&checkout=2025-04-03&dest_id=-2092174&dest_type=city&group_adults=2&req_adults=2&no_rooms=1&group_children=0&req_children=0&hpos=20&hapos=20&sr_order=popularity&srpvid=17e2298ea3d80121&srepoch=1742277277&all_sr_blocks=1324746403_405111183_2_1_0&highlighted_blocks=1324746403_405111183_2_1_0&matching_block_id=1324746403_405111183_2_1_0&sr_pri_blocks=1324746403_405111183_2_1_0__350000&from=searchresults
Sun-n-Sand Mumbai Juhu Beach,"Juhu, Mumbai","9,979",Good,7.6,731,https://www.booking.com/hotel/in/sun-n-sand-mumbai.en-gb.html?label=gen173nr-1BCAEoggI46AdIM1gEaGyIAQGYAQm4ARfIAQzYAQHoAQGIAgGoAgO4AsKU5L4GwAIB0gIkNTU4ZjQzOGItZjE5Yy00YzA5LTk4MjQtYTIyNDk2OTI5NzVl2AIF4AIB&sid=09a56be760ee16d1d27e38fa6908bba1&aid=304142&ucfs=1&arphpl=1&checkin=2025-04-02&checkout=2025-04-03&dest_id=-2092174&dest_type=city&group_adults=2&req_adults=2&no_rooms=1&group_children=0&req_children=0&hpos=21&hapos=21&sr_order=popularity&srpvid=17e2298ea3d80121&srepoch=1742277277&all_sr_blocks=25210401_212577763_2_2_0&highlighted_blocks=25210401_212577763_2_2_0&matching_block_id=25210401_212577763_2_2_0&sr_pri_blocks=25210401_212577763_2_2_0__997900&from=searchresults
Indie Stays Mumbai International Airport,"Western Suburbs, Mumbai","4,050",Good,7.2,9,https://www.booking.com/hotel/in/indie-stays-international-airport-marol.en-gb.html?label=gen173nr-1BCAEoggI46AdIM1gEaGyIAQGYAQm4ARfIAQzYAQHoAQGIAgGoAgO4AsKU5L4GwAIB0gIkNTU4ZjQzOGItZjE5Yy00YzA5LTk4MjQtYTIyNDk2OTI5NzVl2AIF4AIB&sid=09a56be760ee16d1d27e38fa6908bba1&aid=304142&ucfs=1&arphpl=1&checkin=2025-04-02&checkout=2025-04-03&dest_id=-2092174&dest_type=city&group_adults=2&req_adults=2&no_rooms=1&group_children=0&req_children=0&hpos=22&hapos=22&sr_order=popularity&srpvid=17e2298ea3d80121&srepoch=1742277277&all_sr_blocks=1313631404_404135607_2_0_0&highlighted_blocks=1313631404_404135607_2_0_0&matching_block_id=1313631404_404135607_2_0_0&sr_pri_blocks=1313631404_404135607_2_0_0__405000&from=searchresults
Grand Hyatt Mumbai Hotel and Residences,"Santacruz, Mumbai","12,500",Very good,8.0,"1,741",https://www.booking.com/hotel/in/grand-hyatt.en-gb.html?label=gen173nr-1BCAEoggI46AdIM1gEaGyIAQGYAQm4ARfIAQzYAQHoAQGIAgGoAgO4AsKU5L4GwAIB0gIkNTU4ZjQzOGItZjE5Yy00YzA5LTk4MjQtYTIyNDk2OTI5NzVl2AIF4AIB&sid=09a56be760ee16d1d27e38fa6908bba1&aid=304142&ucfs=1&arphpl=1&checkin=2025-04-02&checkout=2025-04-03&dest_id=-2092174&dest_type=city&group_adults=2&req_adults=2&no_rooms=1&group_children=0&req_children=0&hpos=23&hapos=23&sr_order=popularity&srpvid=17e2298ea3d80121&srepoch=1742277277&all_sr_blocks=39041917_406308889_2_42_0&highlighted_blocks=39041917_406308889_2_42_0&matching_block_id=39041917_406308889_2_42_0&sr_pri_blocks=39041917_406308889_2_42_0__1250000&from=searchresults
Hotel Suba Galaxy Mumbai,"Western Suburbs, Mumbai","6,849",Very good,8.0,710,https://www.booking.com/hotel/in/suba-galaxy.en-gb.html?label=gen173nr-1BCAEoggI46AdIM1gEaGyIAQGYAQm4ARfIAQzYAQHoAQGIAgGoAgO4AsKU5L4GwAIB0gIkNTU4ZjQzOGItZjE5Yy00YzA5LTk4MjQtYTIyNDk2OTI5NzVl2AIF4AIB&sid=09a56be760ee16d1d27e38fa6908bba1&aid=304142&ucfs=1&arphpl=1&checkin=2025-04-02&checkout=2025-04-03&dest_id=-2092174&dest_type=city&group_adults=2&req_adults=2&no_rooms=1&group_children=0&req_children=0&hpos=24&hapos=24&sr_order=popularity&srpvid=17e2298ea3d80121&srepoch=1742277277&all_sr_blocks=32855301_402814644_2_42_0&highlighted_blocks=32855301_402814644_2_42_0&matching_block_id=32855301_402814644_2_42_0&sr_pri_blocks=32855301_402814644_2_42_0__684855&from=searchresults
Hotel Ananta,"Western Suburbs, Mumbai","1,656",N/A,N/A,N/A,https://www.booking.com/hotel/in/ananta-mumbai1.en-gb.html?label=gen173nr-1BCAEoggI46AdIM1gEaGyIAQGYAQm4ARfIAQzYAQHoAQGIAgGoAgO4AsKU5L4GwAIB0gIkNTU4ZjQzOGItZjE5Yy00YzA5LTk4MjQtYTIyNDk2OTI5NzVl2AIF4AIB&sid=09a56be760ee16d1d27e38fa6908bba1&aid=304142&ucfs=1&arphpl=1&checkin=2025-04-02&checkout=2025-04-03&dest_id=-2092174&dest_type=city&group_adults=2&req_adults=2&no_rooms=1&group_children=0&req_children=0&hpos=25&hapos=25&sr_order=popularity&srpvid=17e2298ea3d80121&srepoch=1742277277&all_sr_blocks=1376375801_409837711_2_0_0&highlighted_blocks=1376375801_409837711_2_0_0&matching_block_id=1376375801_409837711_2_0_0&sr_pri_blocks=1376375801_409837711_2_0_0__165600&from=searchresults
Rodas An Ecotel Hotel,"Powai, Mumbai","11,763",Very good,8.2,421,https://www.booking.com/hotel/in/rodas-an-ecotel.en-gb.html?label=gen173nr-1BCAEoggI46AdIM1gEaGyIAQGYAQm4ARfIAQzYAQHoAQGIAgGoAgO4AsKU5L4GwAIB0gIkNTU4ZjQzOGItZjE5Yy00YzA5LTk4MjQtYTIyNDk2OTI5NzVl2AIF4AIB&sid=09a56be760ee16d1d27e38fa6908bba1&aid=304142&ucfs=1&arphpl=1&checkin=2025-04-02&checkout=2025-04-03&dest_id=-2092174&dest_type=city&group_adults=2&req_adults=2&no_rooms=1&group_children=0&req_children=0&hpos=26&hapos=26&sr_order=popularity&srpvid=17e2298ea3d80121&srepoch=1742277277&all_sr_blocks=26974101_95201598_2_42_0&highlighted_blocks=26974101_95201598_2_42_0&matching_block_id=26974101_95201598_2_42_0&sr_pri_blocks=26974101_95201598_2_42_0__1176309&from=searchresults
The Resort,"Western Suburbs, Mumbai","6,934",Good,7.7,"1,014",https://www.booking.com/hotel/in/the-resort.en-gb.html?label=gen173nr-1BCAEoggI46AdIM1gEaGyIAQGYAQm4ARfIAQzYAQHoAQGIAgGoAgO4AsKU5L4GwAIB0gIkNTU4ZjQzOGItZjE5Yy00YzA5LTk4MjQtYTIyNDk2OTI5NzVl2AIF4AIB&sid=09a56be760ee16d1d27e38fa6908bba1&aid=304142&ucfs=1&arphpl=1&checkin=2025-04-02&checkout=2025-04-03&dest_id=-2092174&dest_type=city&group_adults=2&req_adults=2&no_rooms=1&group_children=0&req_children=0&hpos=27&hapos=27&sr_order=popularity&srpvid=17e2298ea3d80121&srepoch=1742277277&all_sr_blocks=42048701_399385679_2_41_0_830697&highlighted_blocks=42048701_399385679_2_41_0_830697&matching_block_id=42048701_399385679_2_41_0_830697&sr_pri_blocks=42048701_399385679_2_41_0_830697_693405&from=searchresults
